,src,dest,score,snapshot,time,label,pred
108570,142.20.56.2,142.20.61.196,0.99828196,68.0,404800,False,True
108571,142.20.56.2,142.20.61.196,0.99828196,68.0,404844,False,True
108572,142.20.56.2,142.20.61.196,0.99828196,68.0,404849,False,True
217103,142.20.56.2,142.20.61.190,0.9982814,69.0,439974,False,True
217104,142.20.56.2,142.20.61.190,0.9982814,69.0,440023,False,True
217105,142.20.56.2,142.20.61.190,0.9982814,69.0,440025,False,True
327738,142.20.57.196,142.20.61.188,0.99828064,70.0,624715,False,True
387317,142.20.58.190,142.20.61.195,0.99828064,71.0,767864,False,True
442225,142.20.56.52,142.20.61.193,0.99828124,71.0,725458,False,True
442226,142.20.56.52,142.20.61.193,0.99828124,71.0,725569,False,True
442227,142.20.56.52,142.20.61.193,0.99828124,71.0,725575,False,True
442698,142.20.56.202,132.197.158.98,0.99828494,71.0,695709,False,True
442699,142.20.56.202,132.197.158.98,0.99828494,71.0,695755,False,True
442700,142.20.56.202,132.197.158.98,0.99828494,71.0,695756,False,True
442701,142.20.56.202,132.197.158.98,0.99828494,71.0,697080,False,True
442702,142.20.56.202,132.197.158.98,0.99828494,71.0,698943,False,True
442703,142.20.56.202,132.197.158.98,0.99828494,71.0,703555,True,True
442704,142.20.56.202,132.197.158.98,0.99828494,71.0,704368,True,True
442705,142.20.56.202,132.197.158.98,0.99828494,71.0,705098,True,True
442706,142.20.56.202,132.197.158.98,0.99828494,71.0,706155,True,True
442707,142.20.56.202,132.197.158.98,0.99828494,71.0,707208,True,True
442708,142.20.56.202,132.197.158.98,0.99828494,71.0,708201,True,True
442709,142.20.56.202,132.197.158.98,0.99828494,71.0,709114,True,True
442710,142.20.56.202,132.197.158.98,0.99828494,71.0,710118,True,True
442711,142.20.56.202,132.197.158.98,0.99828494,71.0,711078,True,True
442712,142.20.56.202,132.197.158.98,0.99828494,71.0,712300,True,True
442713,142.20.56.202,132.197.158.98,0.99828494,71.0,713250,True,True
442714,142.20.56.202,132.197.158.98,0.99828494,71.0,714148,True,True
442715,142.20.56.202,132.197.158.98,0.99828494,71.0,715011,True,True
442716,142.20.56.202,132.197.158.98,0.99828494,71.0,715113,False,True
442717,142.20.56.202,132.197.158.98,0.99828494,71.0,715981,True,True
442718,142.20.56.202,132.197.158.98,0.99828494,71.0,716944,True,True
442719,142.20.56.202,132.197.158.98,0.99828494,71.0,717580,True,True
442720,142.20.56.202,132.197.158.98,0.99828494,71.0,718258,True,True
442721,142.20.56.202,132.197.158.98,0.99828494,71.0,719224,True,True
442722,142.20.56.202,132.197.158.98,0.99828494,71.0,720357,True,True
442723,142.20.56.202,132.197.158.98,0.99828494,71.0,721530,True,True
442724,142.20.56.202,132.197.158.98,0.99828494,71.0,722137,True,True
442725,142.20.56.202,132.197.158.98,0.99828494,71.0,722922,True,True
442726,142.20.56.202,132.197.158.98,0.99828494,71.0,723036,True,True
442727,142.20.56.202,132.197.158.98,0.99828494,71.0,724227,True,True
442728,142.20.56.202,132.197.158.98,0.99828494,71.0,725263,False,True
442729,142.20.56.202,132.197.158.98,0.99828494,71.0,725290,True,True
442730,142.20.56.202,132.197.158.98,0.99828494,71.0,725395,False,True
442731,142.20.56.202,132.197.158.98,0.99828494,71.0,725586,False,True
442732,142.20.56.202,132.197.158.98,0.99828494,71.0,726307,True,True
442733,142.20.56.202,132.197.158.98,0.99828494,71.0,726812,False,True
442734,142.20.56.202,132.197.158.98,0.99828494,71.0,727489,True,True
442735,142.20.56.202,132.197.158.98,0.99828494,71.0,727921,False,True
442736,142.20.56.202,132.197.158.98,0.99828494,71.0,728408,True,True
442737,142.20.56.202,132.197.158.98,0.99828494,71.0,729338,False,True
442738,142.20.56.202,132.197.158.98,0.99828494,71.0,729970,True,True
442739,142.20.56.202,132.197.158.98,0.99828494,71.0,730442,False,True
442740,142.20.56.202,132.197.158.98,0.99828494,71.0,730957,True,True
442741,142.20.56.202,132.197.158.98,0.99828494,71.0,731358,False,True
442742,142.20.56.202,132.197.158.98,0.99828494,71.0,731879,True,True
442743,142.20.56.202,132.197.158.98,0.99828494,71.0,732815,False,True
442744,142.20.56.202,132.197.158.98,0.99828494,71.0,733434,True,True
442745,142.20.56.202,132.197.158.98,0.99828494,71.0,734111,False,True
442746,142.20.56.202,132.197.158.98,0.99828494,71.0,734484,True,True
442747,142.20.56.202,132.197.158.98,0.99828494,71.0,735087,True,True
442748,142.20.56.202,132.197.158.98,0.99828494,71.0,735580,True,True
442749,142.20.56.202,132.197.158.98,0.99828494,71.0,736156,True,True
442750,142.20.56.202,132.197.158.98,0.99828494,71.0,736929,True,True
442751,142.20.56.202,132.197.158.98,0.99828494,71.0,737335,True,True
442752,142.20.56.202,132.197.158.98,0.99828494,71.0,738033,True,True
442753,142.20.56.202,132.197.158.98,0.99828494,71.0,738387,True,True
442754,142.20.56.202,132.197.158.98,0.99828494,71.0,738945,True,True
442755,142.20.56.202,132.197.158.98,0.99828494,71.0,739478,True,True
442756,142.20.56.202,132.197.158.98,0.99828494,71.0,740255,True,True
442757,142.20.56.202,132.197.158.98,0.99828494,71.0,740668,True,True
442758,142.20.56.202,132.197.158.98,0.99828494,71.0,741207,True,True
442759,142.20.56.202,132.197.158.98,0.99828494,71.0,741318,True,True
442760,142.20.56.202,132.197.158.98,0.99828494,71.0,741838,True,True
442761,142.20.56.202,132.197.158.98,0.99828494,71.0,742965,True,True
442762,142.20.56.202,132.197.158.98,0.99828494,71.0,743758,True,True
442763,142.20.56.202,132.197.158.98,0.99828494,71.0,744465,True,True
442764,142.20.56.202,132.197.158.98,0.99828494,71.0,745539,True,True
442765,142.20.56.202,132.197.158.98,0.99828494,71.0,746472,True,True
442766,142.20.56.202,132.197.158.98,0.99828494,71.0,747630,True,True
442767,142.20.56.202,132.197.158.98,0.99828494,71.0,748403,True,True
442768,142.20.56.202,132.197.158.98,0.99828494,71.0,749439,True,True
442769,142.20.56.202,132.197.158.98,0.99828494,71.0,750254,True,True
442770,142.20.56.202,132.197.158.98,0.99828494,71.0,751100,True,True
442771,142.20.56.202,132.197.158.98,0.99828494,71.0,752240,True,True
442772,142.20.56.202,132.197.158.98,0.99828494,71.0,753204,True,True
442773,142.20.56.202,132.197.158.98,0.99828494,71.0,754369,True,True
442774,142.20.56.202,132.197.158.98,0.99828494,71.0,755605,True,True
442775,142.20.56.202,132.197.158.98,0.99828494,71.0,756238,True,True
442776,142.20.56.202,132.197.158.98,0.99828494,71.0,757724,True,True
442777,142.20.56.202,132.197.158.98,0.99828494,71.0,758544,True,True
442778,142.20.56.202,132.197.158.98,0.99828494,71.0,759547,True,True
442779,142.20.56.202,132.197.158.98,0.99828494,71.0,760264,True,True
442780,142.20.56.202,132.197.158.98,0.99828494,71.0,761453,True,True
442781,142.20.56.202,132.197.158.98,0.99828494,71.0,762728,True,True
442782,142.20.56.202,132.197.158.98,0.99828494,71.0,763593,True,True
442783,142.20.56.202,132.197.158.98,0.99828494,71.0,764779,True,True
442784,142.20.56.202,132.197.158.98,0.99828494,71.0,765767,True,True
442785,142.20.56.202,132.197.158.98,0.99828494,71.0,766942,True,True
442786,142.20.56.202,132.197.158.98,0.99828494,71.0,767899,True,True
442787,142.20.56.202,132.197.158.98,0.99828494,71.0,768877,True,True
442788,142.20.56.202,132.197.158.98,0.99828494,71.0,769867,True,True
442790,142.20.61.195,142.20.57.46,0.9982822,71.0,759403,False,True
442791,142.20.56.102,142.20.61.196,0.9982815,71.0,722842,False,True
531904,142.20.56.202,132.197.158.98,0.998283,72.0,771192,True,True
531905,142.20.56.202,132.197.158.98,0.998283,72.0,772316,True,True
531906,142.20.56.202,132.197.158.98,0.998283,72.0,773378,True,True
531907,142.20.56.202,132.197.158.98,0.998283,72.0,774509,True,True
531908,142.20.56.202,132.197.158.98,0.998283,72.0,775484,True,True
531909,142.20.56.202,132.197.158.98,0.998283,72.0,776045,True,True
531910,142.20.56.202,132.197.158.98,0.998283,72.0,777157,True,True
531911,142.20.56.202,132.197.158.98,0.998283,72.0,778201,True,True
531912,142.20.56.202,132.197.158.98,0.998283,72.0,779173,True,True
531913,142.20.56.202,132.197.158.98,0.998283,72.0,780320,True,True
531914,142.20.56.202,132.197.158.98,0.998283,72.0,781102,True,True
531915,142.20.56.202,132.197.158.98,0.998283,72.0,781985,True,True
531916,142.20.56.202,132.197.158.98,0.998283,72.0,782833,True,True
531917,142.20.56.202,132.197.158.98,0.998283,72.0,783496,True,True
531918,142.20.56.202,132.197.158.98,0.998283,72.0,784687,True,True
531919,142.20.56.202,132.197.158.98,0.998283,72.0,785334,True,True
531920,142.20.56.202,132.197.158.98,0.998283,72.0,786357,True,True
531921,142.20.56.202,132.197.158.98,0.998283,72.0,787179,True,True
531922,142.20.56.202,132.197.158.98,0.998283,72.0,788079,True,True
531923,142.20.56.202,132.197.158.98,0.998283,72.0,789011,True,True
531924,142.20.56.202,132.197.158.98,0.998283,72.0,789681,True,True
531925,142.20.56.202,132.197.158.98,0.998283,72.0,790846,True,True
531926,142.20.56.202,132.197.158.98,0.998283,72.0,792071,True,True
531927,142.20.56.202,132.197.158.98,0.998283,72.0,792954,True,True
531928,142.20.56.202,132.197.158.98,0.998283,72.0,793828,True,True
531929,142.20.56.202,132.197.158.98,0.998283,72.0,794657,True,True
531930,142.20.56.202,132.197.158.98,0.998283,72.0,796002,True,True
531931,142.20.56.202,132.197.158.98,0.998283,72.0,797447,True,True
531932,142.20.56.202,132.197.158.98,0.998283,72.0,798312,True,True
531933,142.20.56.202,132.197.158.98,0.998283,72.0,799579,True,True
531934,142.20.56.202,132.197.158.98,0.998283,72.0,800702,True,True
531935,142.20.56.202,132.197.158.98,0.998283,72.0,801602,True,True
531936,142.20.56.202,132.197.158.98,0.998283,72.0,802247,True,True
531937,142.20.56.202,132.197.158.98,0.998283,72.0,803158,True,True
531938,142.20.56.202,132.197.158.98,0.998283,72.0,804065,True,True
531939,142.20.56.202,132.197.158.98,0.998283,72.0,805097,True,True
531940,142.20.56.202,132.197.158.98,0.998283,72.0,806203,True,True
531941,142.20.56.202,132.197.158.98,0.998283,72.0,807442,True,True
531942,142.20.56.202,132.197.158.98,0.998283,72.0,808373,True,True
531943,142.20.56.202,132.197.158.98,0.998283,72.0,809311,True,True
531944,142.20.56.202,132.197.158.98,0.998283,72.0,809966,True,True
531945,142.20.56.202,132.197.158.98,0.998283,72.0,815696,True,True
531946,142.20.56.202,132.197.158.98,0.998283,72.0,817886,True,True
531947,142.20.56.202,132.197.158.98,0.998283,72.0,818664,True,True
531948,142.20.56.202,132.197.158.98,0.998283,72.0,819644,True,True
531949,142.20.56.202,132.197.158.98,0.998283,72.0,820401,True,True
531950,142.20.56.202,132.197.158.98,0.998283,72.0,821941,True,True
531951,142.20.56.202,132.197.158.98,0.998283,72.0,822052,True,True
531952,142.20.56.202,132.197.158.98,0.998283,72.0,823236,True,True
531953,142.20.56.202,132.197.158.98,0.998283,72.0,824015,True,True
531954,142.20.56.202,132.197.158.98,0.998283,72.0,825000,True,True
531955,142.20.56.202,132.197.158.98,0.998283,72.0,825969,True,True
531956,142.20.56.202,132.197.158.98,0.998283,72.0,827151,True,True
531957,142.20.56.202,132.197.158.98,0.998283,72.0,828222,True,True
531958,142.20.56.202,132.197.158.98,0.998283,72.0,829464,True,True
531959,142.20.56.202,132.197.158.98,0.998283,72.0,830561,True,True
531960,142.20.56.202,132.197.158.98,0.998283,72.0,831498,True,True
531961,142.20.56.202,132.197.158.98,0.998283,72.0,832565,True,True
531962,142.20.56.202,132.197.158.98,0.998283,72.0,833884,True,True
531963,142.20.56.202,132.197.158.98,0.998283,72.0,834957,True,True
531964,142.20.56.202,132.197.158.98,0.998283,72.0,836124,True,True
531965,142.20.56.202,132.197.158.98,0.998283,72.0,837277,True,True
531966,142.20.56.202,132.197.158.98,0.998283,72.0,838318,True,True
531967,142.20.56.202,132.197.158.98,0.998283,72.0,839893,True,True
531968,142.20.56.202,132.197.158.98,0.998283,72.0,841404,True,True
531969,142.20.56.202,132.197.158.98,0.998283,72.0,842256,True,True
531970,142.20.56.202,132.197.158.98,0.998283,72.0,843111,True,True
531971,142.20.56.202,132.197.158.98,0.998283,72.0,844144,True,True
531972,142.20.56.202,132.197.158.98,0.998283,72.0,845413,True,True
531973,142.20.56.202,132.197.158.98,0.998283,72.0,846427,True,True
531974,142.20.56.202,132.197.158.98,0.998283,72.0,847558,True,True
531975,142.20.56.202,132.197.158.98,0.998283,72.0,848494,True,True
531976,142.20.56.202,132.197.158.98,0.998283,72.0,849362,True,True
531977,142.20.56.202,132.197.158.98,0.998283,72.0,850650,True,True
531978,142.20.56.202,132.197.158.98,0.998283,72.0,851686,True,True
531979,142.20.56.202,132.197.158.98,0.998283,72.0,852564,True,True
531980,142.20.56.202,132.197.158.98,0.998283,72.0,853648,True,True
531981,142.20.56.202,132.197.158.98,0.998283,72.0,854933,True,True
531982,142.20.56.202,132.197.158.98,0.998283,72.0,856199,True,True
531983,142.20.56.202,132.197.158.98,0.998283,72.0,857125,True,True
531984,142.20.56.202,132.197.158.98,0.998283,72.0,858109,True,True
531985,142.20.56.202,132.197.158.98,0.998283,72.0,858865,True,True
531986,142.20.56.202,132.197.158.98,0.998283,72.0,859576,True,True
531987,142.20.56.202,132.197.158.98,0.998283,72.0,860541,True,True
531988,142.20.56.202,132.197.158.98,0.998283,72.0,861698,True,True
531989,142.20.56.202,132.197.158.98,0.998283,72.0,862565,True,True
531990,142.20.56.202,132.197.158.98,0.998283,72.0,863609,True,True
531991,142.20.56.202,132.197.158.98,0.998283,72.0,864750,True,True
531992,142.20.56.202,132.197.158.98,0.998283,72.0,865731,True,True
531993,142.20.56.202,132.197.158.98,0.998283,72.0,866958,True,True
531994,142.20.56.202,132.197.158.98,0.998283,72.0,867846,True,True
531995,142.20.56.202,132.197.158.98,0.998283,72.0,868915,True,True
531996,142.20.56.202,132.197.158.98,0.998283,72.0,869801,True,True
531997,142.20.56.202,132.197.158.98,0.998283,72.0,871662,True,True
531998,142.20.56.202,132.197.158.98,0.998283,72.0,872368,True,True
531999,142.20.56.202,132.197.158.98,0.998283,72.0,873472,True,True
532000,142.20.56.202,132.197.158.98,0.998283,72.0,874503,True,True
532001,142.20.56.202,132.197.158.98,0.998283,72.0,875554,True,True
532002,142.20.56.202,132.197.158.98,0.998283,72.0,876505,True,True
532003,142.20.56.202,132.197.158.98,0.998283,72.0,877670,True,True
532004,142.20.56.202,132.197.158.98,0.998283,72.0,878820,True,True
532005,142.20.56.202,132.197.158.98,0.998283,72.0,879773,True,True
532006,142.20.56.202,132.197.158.98,0.998283,72.0,880646,True,True
532007,142.20.56.202,132.197.158.98,0.998283,72.0,881509,True,True
532008,142.20.56.202,132.197.158.98,0.998283,72.0,882971,True,True
532009,142.20.56.202,132.197.158.98,0.998283,72.0,883907,True,True
532010,142.20.56.202,132.197.158.98,0.998283,72.0,885044,True,True
532011,142.20.56.202,132.197.158.98,0.998283,72.0,885183,True,True
532012,142.20.56.202,132.197.158.98,0.998283,72.0,886421,True,True
532013,142.20.56.202,132.197.158.98,0.998283,72.0,887321,True,True
532014,142.20.56.202,132.197.158.98,0.998283,72.0,888360,True,True
561331,142.20.59.84,142.20.61.193,0.99828136,72.0,843893,False,True
638125,142.20.56.202,132.197.158.98,0.99828064,73.0,889093,True,True
638126,142.20.56.202,132.197.158.98,0.99828064,73.0,890548,True,True
638127,142.20.56.202,132.197.158.98,0.99828064,73.0,891578,True,True
638128,142.20.56.202,132.197.158.98,0.99828064,73.0,892099,True,True
638129,142.20.56.202,132.197.158.98,0.99828064,73.0,893061,True,True
638130,142.20.56.202,132.197.158.98,0.99828064,73.0,893901,True,True
638131,142.20.56.202,132.197.158.98,0.99828064,73.0,894703,True,True
638132,142.20.56.202,132.197.158.98,0.99828064,73.0,895429,True,True
638133,142.20.56.202,132.197.158.98,0.99828064,73.0,897839,True,True
638134,142.20.56.202,132.197.158.98,0.99828064,73.0,898870,True,True
638135,142.20.56.202,132.197.158.98,0.99828064,73.0,900234,True,True
638136,142.20.56.202,132.197.158.98,0.99828064,73.0,901109,True,True
638137,142.20.56.202,132.197.158.98,0.99828064,73.0,902128,True,True
638138,142.20.56.202,132.197.158.98,0.99828064,73.0,903424,True,True
638139,142.20.56.202,132.197.158.98,0.99828064,73.0,904278,True,True
638140,142.20.56.202,132.197.158.98,0.99828064,73.0,905395,True,True
638141,142.20.56.202,132.197.158.98,0.99828064,73.0,906253,True,True
638142,142.20.56.202,132.197.158.98,0.99828064,73.0,907170,True,True
638143,142.20.56.202,132.197.158.98,0.99828064,73.0,908397,True,True
638144,142.20.56.202,132.197.158.98,0.99828064,73.0,909219,True,True
638145,142.20.56.202,132.197.158.98,0.99828064,73.0,910022,True,True
638146,142.20.56.202,132.197.158.98,0.99828064,73.0,911208,True,True
638147,142.20.56.202,132.197.158.98,0.99828064,73.0,912138,True,True
638148,142.20.56.202,132.197.158.98,0.99828064,73.0,913146,True,True
638149,142.20.56.202,132.197.158.98,0.99828064,73.0,914077,True,True
638150,142.20.56.202,132.197.158.98,0.99828064,73.0,914965,True,True
638151,142.20.56.202,132.197.158.98,0.99828064,73.0,915645,True,True
638152,142.20.56.202,132.197.158.98,0.99828064,73.0,916712,True,True
638153,142.20.56.202,132.197.158.98,0.99828064,73.0,917667,True,True
638154,142.20.56.202,132.197.158.98,0.99828064,73.0,918564,True,True
638155,142.20.56.202,132.197.158.98,0.99828064,73.0,919342,True,True
638156,142.20.56.202,132.197.158.98,0.99828064,73.0,920190,True,True
638157,142.20.56.202,132.197.158.98,0.99828064,73.0,921416,True,True
638158,142.20.56.202,132.197.158.98,0.99828064,73.0,922412,True,True
638159,142.20.56.202,132.197.158.98,0.99828064,73.0,923200,True,True
638160,142.20.56.202,132.197.158.98,0.99828064,73.0,924323,True,True
638161,142.20.56.202,132.197.158.98,0.99828064,73.0,925618,True,True
638162,142.20.56.202,132.197.158.98,0.99828064,73.0,926677,True,True
638163,142.20.56.202,132.197.158.98,0.99828064,73.0,927569,True,True
638164,142.20.56.202,132.197.158.98,0.99828064,73.0,928652,True,True
638165,142.20.56.202,132.197.158.98,0.99828064,73.0,929532,True,True
638166,142.20.56.202,132.197.158.98,0.99828064,73.0,930475,True,True
638167,142.20.56.202,132.197.158.98,0.99828064,73.0,931432,True,True
638168,142.20.56.202,132.197.158.98,0.99828064,73.0,932206,True,True
638169,142.20.56.202,132.197.158.98,0.99828064,73.0,933070,True,True
638170,142.20.56.202,132.197.158.98,0.99828064,73.0,934103,True,True
638171,142.20.56.202,132.197.158.98,0.99828064,73.0,934979,True,True
638172,142.20.56.202,132.197.158.98,0.99828064,73.0,936346,True,True
638173,142.20.56.202,132.197.158.98,0.99828064,73.0,937549,True,True
638174,142.20.56.202,132.197.158.98,0.99828064,73.0,938375,True,True
638175,142.20.56.202,132.197.158.98,0.99828064,73.0,939068,True,True
638176,142.20.56.202,132.197.158.98,0.99828064,73.0,940242,True,True
638177,142.20.56.202,132.197.158.98,0.99828064,73.0,941402,True,True
638178,142.20.56.202,132.197.158.98,0.99828064,73.0,942273,True,True
638179,142.20.56.202,132.197.158.98,0.99828064,73.0,943190,True,True
638180,142.20.56.202,132.197.158.98,0.99828064,73.0,944058,True,True
638181,142.20.56.202,132.197.158.98,0.99828064,73.0,944950,True,True
638182,142.20.56.202,132.197.158.98,0.99828064,73.0,945910,True,True
638183,142.20.56.202,132.197.158.98,0.99828064,73.0,946608,True,True
638184,142.20.56.202,132.197.158.98,0.99828064,73.0,947590,True,True
638185,142.20.56.202,132.197.158.98,0.99828064,73.0,948432,True,True
638186,142.20.56.202,132.197.158.98,0.99828064,73.0,949339,True,True
638187,142.20.56.202,132.197.158.98,0.99828064,73.0,950377,True,True
638188,142.20.56.202,132.197.158.98,0.99828064,73.0,951289,True,True
638189,142.20.56.202,132.197.158.98,0.99828064,73.0,952373,True,True
638190,142.20.56.202,132.197.158.98,0.99828064,73.0,953232,True,True
638191,142.20.56.202,132.197.158.98,0.99828064,73.0,954125,True,True
638192,142.20.56.202,132.197.158.98,0.99828064,73.0,954858,True,True
638193,142.20.56.202,132.197.158.98,0.99828064,73.0,955682,True,True
638194,142.20.56.202,132.197.158.98,0.99828064,73.0,956258,True,True
638195,142.20.56.202,132.197.158.98,0.99828064,73.0,957427,True,True
638196,142.20.56.202,132.197.158.98,0.99828064,73.0,958629,True,True
638197,142.20.56.202,132.197.158.98,0.99828064,73.0,960040,True,True
638198,142.20.56.202,132.197.158.98,0.99828064,73.0,960952,True,True
638199,142.20.56.202,132.197.158.98,0.99828064,73.0,962065,True,True
638200,142.20.56.202,132.197.158.98,0.99828064,73.0,962981,True,True
638201,142.20.56.202,132.197.158.98,0.99828064,73.0,964230,True,True
638202,142.20.56.202,132.197.158.98,0.99828064,73.0,964952,True,True
638203,142.20.56.202,132.197.158.98,0.99828064,73.0,966085,True,True
638204,142.20.56.202,132.197.158.98,0.99828064,73.0,967145,True,True
638205,142.20.56.202,132.197.158.98,0.99828064,73.0,968093,True,True
638206,142.20.56.202,132.197.158.98,0.99828064,73.0,968990,True,True
638207,142.20.56.202,132.197.158.98,0.99828064,73.0,970104,True,True
638208,142.20.56.202,132.197.158.98,0.99828064,73.0,971034,True,True
638209,142.20.56.202,132.197.158.98,0.99828064,73.0,972169,True,True
638210,142.20.56.202,132.197.158.98,0.99828064,73.0,973175,True,True
638211,142.20.56.202,132.197.158.98,0.99828064,73.0,974337,True,True
638212,142.20.56.202,132.197.158.98,0.99828064,73.0,975217,True,True
638213,142.20.56.202,132.197.158.98,0.99828064,73.0,975870,True,True
638214,142.20.56.202,132.197.158.98,0.99828064,73.0,976772,True,True
638215,142.20.56.202,132.197.158.98,0.99828064,73.0,977541,True,True
638216,142.20.56.202,132.197.158.98,0.99828064,73.0,978570,True,True
638217,142.20.56.202,132.197.158.98,0.99828064,73.0,979384,True,True
638218,142.20.56.202,132.197.158.98,0.99828064,73.0,980250,True,True
638219,142.20.56.202,132.197.158.98,0.99828064,73.0,981302,True,True
638220,142.20.56.202,132.197.158.98,0.99828064,73.0,982413,True,True
638221,142.20.56.202,132.197.158.98,0.99828064,73.0,983502,True,True
638222,142.20.56.202,132.197.158.98,0.99828064,73.0,984653,True,True
638223,142.20.56.202,132.197.158.98,0.99828064,73.0,985755,True,True
638224,142.20.56.202,132.197.158.98,0.99828064,73.0,986814,True,True
638225,142.20.56.202,132.197.158.98,0.99828064,73.0,988104,True,True
638226,142.20.56.202,132.197.158.98,0.99828064,73.0,989682,True,True
638227,142.20.56.202,132.197.158.98,0.99828064,73.0,990921,True,True
638228,142.20.56.202,132.197.158.98,0.99828064,73.0,992002,True,True
638229,142.20.56.202,132.197.158.98,0.99828064,73.0,993591,True,True
638230,142.20.56.202,132.197.158.98,0.99828064,73.0,994879,True,True
638231,142.20.56.202,132.197.158.98,0.99828064,73.0,995870,True,True
638232,142.20.56.202,132.197.158.98,0.99828064,73.0,996636,True,True
638233,142.20.56.202,132.197.158.98,0.99828064,73.0,998011,True,True
638234,142.20.56.202,132.197.158.98,0.99828064,73.0,999064,True,True
638235,142.20.56.202,132.197.158.98,0.99828064,73.0,1000097,True,True
638236,142.20.56.202,132.197.158.98,0.99828064,73.0,1001106,True,True
765285,142.20.56.202,132.197.158.98,0.9982827,74.0,1002187,True,True
765286,142.20.56.202,132.197.158.98,0.9982827,74.0,1003329,True,True
765287,142.20.56.202,132.197.158.98,0.9982827,74.0,1004553,True,True
765288,142.20.56.202,132.197.158.98,0.9982827,74.0,1005637,True,True
765289,142.20.56.202,132.197.158.98,0.9982827,74.0,1006586,True,True
765290,142.20.56.202,132.197.158.98,0.9982827,74.0,1008505,True,True
765291,142.20.56.202,132.197.158.98,0.9982827,74.0,1009565,True,True
765292,142.20.56.202,132.197.158.98,0.9982827,74.0,1010748,True,True
765293,142.20.56.202,132.197.158.98,0.9982827,74.0,1011863,True,True
765294,142.20.56.202,132.197.158.98,0.9982827,74.0,1013046,True,True
765295,142.20.56.202,132.197.158.98,0.9982827,74.0,1014088,True,True
765296,142.20.56.202,132.197.158.98,0.9982827,74.0,1014929,True,True
765297,142.20.56.202,132.197.158.98,0.9982827,74.0,1016128,True,True
765298,142.20.56.202,132.197.158.98,0.9982827,74.0,1017310,True,True
765299,142.20.56.202,132.197.158.98,0.9982827,74.0,1018406,True,True
765300,142.20.56.202,132.197.158.98,0.9982827,74.0,1019882,True,True
765301,142.20.56.202,132.197.158.98,0.9982827,74.0,1020953,True,True
765302,142.20.56.202,132.197.158.98,0.9982827,74.0,1022138,True,True
765303,142.20.56.202,132.197.158.98,0.9982827,74.0,1023319,True,True
765304,142.20.56.202,132.197.158.98,0.9982827,74.0,1024317,True,True
765305,142.20.56.202,132.197.158.98,0.9982827,74.0,1025895,True,True
765306,142.20.56.202,132.197.158.98,0.9982827,74.0,1026846,True,True
765307,142.20.56.202,132.197.158.98,0.9982827,74.0,1027969,True,True
765308,142.20.56.202,132.197.158.98,0.9982827,74.0,1029480,True,True
765309,142.20.56.202,132.197.158.98,0.9982827,74.0,1030460,True,True
765310,142.20.56.202,132.197.158.98,0.9982827,74.0,1031446,True,True
765311,142.20.56.202,132.197.158.98,0.9982827,74.0,1032595,True,True
765312,142.20.56.202,132.197.158.98,0.9982827,74.0,1033735,True,True
765313,142.20.56.202,132.197.158.98,0.9982827,74.0,1035193,True,True
765314,142.20.56.202,132.197.158.98,0.9982827,74.0,1036204,True,True
765315,142.20.56.202,132.197.158.98,0.9982827,74.0,1037353,True,True
765316,142.20.56.202,132.197.158.98,0.9982827,74.0,1038445,True,True
765317,142.20.56.202,132.197.158.98,0.9982827,74.0,1039465,True,True
765318,142.20.56.202,132.197.158.98,0.9982827,74.0,1040229,True,True
765319,142.20.56.202,132.197.158.98,0.9982827,74.0,1041774,True,True
765320,142.20.56.202,132.197.158.98,0.9982827,74.0,1042757,True,True
765321,142.20.56.202,132.197.158.98,0.9982827,74.0,1043837,True,True
765322,142.20.56.202,132.197.158.98,0.9982827,74.0,1044879,True,True
765323,142.20.56.202,132.197.158.98,0.9982827,74.0,1046006,True,True
765324,142.20.56.202,132.197.158.98,0.9982827,74.0,1046777,True,True
765325,142.20.56.202,132.197.158.98,0.9982827,74.0,1047976,True,True
765326,142.20.56.202,132.197.158.98,0.9982827,74.0,1049366,True,True
765327,142.20.56.202,132.197.158.98,0.9982827,74.0,1049997,True,True
765328,142.20.56.202,132.197.158.98,0.9982827,74.0,1051044,True,True
765329,142.20.56.202,132.197.158.98,0.9982827,74.0,1052337,True,True
765330,142.20.56.202,132.197.158.98,0.9982827,74.0,1053107,True,True
765331,142.20.56.202,132.197.158.98,0.9982827,74.0,1054412,True,True
765332,142.20.56.202,132.197.158.98,0.9982827,74.0,1055503,True,True
765333,142.20.56.202,132.197.158.98,0.9982827,74.0,1056505,True,True
765334,142.20.56.202,132.197.158.98,0.9982827,74.0,1057505,True,True
765335,142.20.56.202,132.197.158.98,0.9982827,74.0,1058360,True,True
765336,142.20.56.202,132.197.158.98,0.9982827,74.0,1059582,True,True
765337,142.20.56.202,132.197.158.98,0.9982827,74.0,1060755,True,True
765338,142.20.56.202,132.197.158.98,0.9982827,74.0,1061583,True,True
765339,142.20.56.202,132.197.158.98,0.9982827,74.0,1062678,True,True
765340,142.20.56.202,132.197.158.98,0.9982827,74.0,1064012,True,True
765341,142.20.56.202,132.197.158.98,0.9982827,74.0,1066422,True,True
765342,142.20.56.202,132.197.158.98,0.9982827,74.0,1067487,True,True
765343,142.20.56.202,132.197.158.98,0.9982827,74.0,1068723,True,True
765344,142.20.56.202,132.197.158.98,0.9982827,74.0,1069386,True,True
765345,142.20.56.202,132.197.158.98,0.9982827,74.0,1070703,True,True
765346,142.20.56.202,132.197.158.98,0.9982827,74.0,1071605,True,True
765347,142.20.56.202,132.197.158.98,0.9982827,74.0,1072761,True,True
765348,142.20.56.202,132.197.158.98,0.9982827,74.0,1074141,True,True
765349,142.20.56.202,132.197.158.98,0.9982827,74.0,1075233,True,True
765350,142.20.56.202,132.197.158.98,0.9982827,74.0,1076416,True,True
765351,142.20.56.202,132.197.158.98,0.9982827,74.0,1077809,True,True
765352,142.20.56.202,132.197.158.98,0.9982827,74.0,1078883,True,True
765353,142.20.56.202,132.197.158.98,0.9982827,74.0,1079739,True,True
765354,142.20.56.202,132.197.158.98,0.9982827,74.0,1080882,True,True
765355,142.20.56.202,132.197.158.98,0.9982827,74.0,1082174,True,True
765356,142.20.56.202,132.197.158.98,0.9982827,74.0,1083477,True,True
765357,142.20.56.202,132.197.158.98,0.9982827,74.0,1084508,True,True
765358,142.20.56.202,132.197.158.98,0.9982827,74.0,1085627,True,True
765359,142.20.56.202,132.197.158.98,0.9982827,74.0,1086715,True,True
765360,142.20.56.202,132.197.158.98,0.9982827,74.0,1087719,True,True
765361,142.20.56.202,132.197.158.98,0.9982827,74.0,1088920,True,True
765362,142.20.56.202,132.197.158.98,0.9982827,74.0,1090195,True,True
765363,142.20.56.202,132.197.158.98,0.9982827,74.0,1091437,True,True
765364,142.20.56.202,132.197.158.98,0.9982827,74.0,1092454,True,True
765365,142.20.56.202,132.197.158.98,0.9982827,74.0,1093854,True,True
765366,142.20.56.202,132.197.158.98,0.9982827,74.0,1094982,True,True
765367,142.20.56.202,132.197.158.98,0.9982827,74.0,1096241,True,True
765368,142.20.56.202,132.197.158.98,0.9982827,74.0,1097274,True,True
765369,142.20.56.202,132.197.158.98,0.9982827,74.0,1098201,True,True
765370,142.20.56.202,132.197.158.98,0.9982827,74.0,1099293,True,True
765371,142.20.56.202,132.197.158.98,0.9982827,74.0,1100182,True,True
765372,142.20.56.202,132.197.158.98,0.9982827,74.0,1101006,True,True
765373,142.20.56.202,132.197.158.98,0.9982827,74.0,1101901,True,True
765374,142.20.56.202,132.197.158.98,0.9982827,74.0,1102990,True,True
765375,142.20.56.202,132.197.158.98,0.9982827,74.0,1104376,True,True
765376,142.20.56.202,132.197.158.98,0.9982827,74.0,1105616,True,True
765377,142.20.56.202,132.197.158.98,0.9982827,74.0,1106952,True,True
765378,142.20.56.202,132.197.158.98,0.9982827,74.0,1107881,True,True
765379,142.20.56.202,132.197.158.98,0.9982827,74.0,1108905,True,True
765380,142.20.56.202,132.197.158.98,0.9982827,74.0,1109943,True,True
765381,142.20.56.202,132.197.158.98,0.9982827,74.0,1110893,True,True
765382,142.20.56.202,132.197.158.98,0.9982827,74.0,1111766,True,True
765383,142.20.56.202,132.197.158.98,0.9982827,74.0,1112998,True,True
765384,142.20.56.202,132.197.158.98,0.9982827,74.0,1114540,True,True
765385,142.20.56.202,132.197.158.98,0.9982827,74.0,1115566,True,True
765386,142.20.56.202,132.197.158.98,0.9982827,74.0,1116639,True,True
765387,142.20.56.202,132.197.158.98,0.9982827,74.0,1117673,True,True
765388,142.20.56.202,132.197.158.98,0.9982827,74.0,1118697,True,True
765389,142.20.56.202,132.197.158.98,0.9982827,74.0,1120093,True,True
765390,142.20.56.202,132.197.158.98,0.9982827,74.0,1121172,True,True
765391,142.20.56.202,132.197.158.98,0.9982827,74.0,1122425,True,True
765392,142.20.56.202,132.197.158.98,0.9982827,74.0,1123700,True,True
765393,142.20.56.202,132.197.158.98,0.9982827,74.0,1124854,True,True
765394,142.20.56.202,132.197.158.98,0.9982827,74.0,1126269,True,True
765395,142.20.56.202,132.197.158.98,0.9982827,74.0,1127604,True,True
765396,142.20.56.202,132.197.158.98,0.9982827,74.0,1128945,True,True
765397,142.20.56.202,132.197.158.98,0.9982827,74.0,1129982,True,True
765398,142.20.56.202,142.20.61.187,0.9982817,74.0,1026776,False,True
902362,142.20.56.202,132.197.158.98,0.99828064,75.0,1131005,True,True
902363,142.20.56.202,132.197.158.98,0.99828064,75.0,1132266,True,True
902364,142.20.56.202,132.197.158.98,0.99828064,75.0,1133379,True,True
902365,142.20.56.202,132.197.158.98,0.99828064,75.0,1134651,True,True
902366,142.20.56.202,132.197.158.98,0.99828064,75.0,1135847,True,True
902367,142.20.56.202,132.197.158.98,0.99828064,75.0,1136936,True,True
902368,142.20.56.202,132.197.158.98,0.99828064,75.0,1137953,True,True
902369,142.20.56.202,132.197.158.98,0.99828064,75.0,1139418,True,True
902370,142.20.56.202,132.197.158.98,0.99828064,75.0,1140584,True,True
902371,142.20.56.202,132.197.158.98,0.99828064,75.0,1141748,True,True
902372,142.20.56.202,132.197.158.98,0.99828064,75.0,1142754,True,True
902373,142.20.56.202,132.197.158.98,0.99828064,75.0,1144002,True,True
902374,142.20.56.202,132.197.158.98,0.99828064,75.0,1145144,True,True
902375,142.20.56.202,132.197.158.98,0.99828064,75.0,1146338,True,True
902376,142.20.56.202,132.197.158.98,0.99828064,75.0,1147586,True,True
902377,142.20.56.202,132.197.158.98,0.99828064,75.0,1148805,True,True
902378,142.20.56.202,132.197.158.98,0.99828064,75.0,1150071,True,True
902379,142.20.56.202,132.197.158.98,0.99828064,75.0,1151371,True,True
902380,142.20.56.202,132.197.158.98,0.99828064,75.0,1152366,True,True
902381,142.20.56.202,132.197.158.98,0.99828064,75.0,1153563,True,True
902382,142.20.56.202,132.197.158.98,0.99828064,75.0,1154367,True,True
902383,142.20.56.202,132.197.158.98,0.99828064,75.0,1155287,True,True
902384,142.20.56.202,132.197.158.98,0.99828064,75.0,1156682,True,True
902385,142.20.56.202,132.197.158.98,0.99828064,75.0,1158289,True,True
902386,142.20.56.202,132.197.158.98,0.99828064,75.0,1159679,True,True
902387,142.20.56.202,132.197.158.98,0.99828064,75.0,1160647,True,True
902388,142.20.56.202,132.197.158.98,0.99828064,75.0,1161842,True,True
902389,142.20.56.202,132.197.158.98,0.99828064,75.0,1163137,True,True
902390,142.20.56.202,132.197.158.98,0.99828064,75.0,1164140,True,True
902391,142.20.56.202,132.197.158.98,0.99828064,75.0,1165097,True,True
902392,142.20.56.202,132.197.158.98,0.99828064,75.0,1166428,True,True
902393,142.20.56.202,132.197.158.98,0.99828064,75.0,1167641,True,True
902394,142.20.56.202,132.197.158.98,0.99828064,75.0,1169066,True,True
902395,142.20.56.202,132.197.158.98,0.99828064,75.0,1169916,True,True
902396,142.20.56.202,132.197.158.98,0.99828064,75.0,1171180,True,True
902397,142.20.56.202,132.197.158.98,0.99828064,75.0,1172498,True,True
902398,142.20.56.202,132.197.158.98,0.99828064,75.0,1173665,True,True
902399,142.20.56.202,132.197.158.98,0.99828064,75.0,1174589,True,True
902400,142.20.56.202,132.197.158.98,0.99828064,75.0,1175666,True,True
902401,142.20.56.202,132.197.158.98,0.99828064,75.0,1177229,True,True
902402,142.20.56.202,132.197.158.98,0.99828064,75.0,1178124,True,True
902403,142.20.56.202,132.197.158.98,0.99828064,75.0,1179249,True,True
902404,142.20.56.202,132.197.158.98,0.99828064,75.0,1180350,True,True
902405,142.20.56.202,132.197.158.98,0.99828064,75.0,1181868,True,True
902406,142.20.56.202,132.197.158.98,0.99828064,75.0,1183203,True,True
902407,142.20.56.202,132.197.158.98,0.99828064,75.0,1184171,True,True
902408,142.20.56.202,132.197.158.98,0.99828064,75.0,1185539,True,True
902409,142.20.56.202,132.197.158.98,0.99828064,75.0,1186392,True,True
902410,142.20.56.202,132.197.158.98,0.99828064,75.0,1187270,True,True
902411,142.20.56.202,132.197.158.98,0.99828064,75.0,1188284,True,True
902412,142.20.56.202,132.197.158.98,0.99828064,75.0,1189325,True,True
902413,142.20.56.202,132.197.158.98,0.99828064,75.0,1190363,True,True
902414,142.20.56.202,132.197.158.98,0.99828064,75.0,1191473,True,True
902415,142.20.56.202,132.197.158.98,0.99828064,75.0,1192780,True,True
902416,142.20.56.202,132.197.158.98,0.99828064,75.0,1193732,True,True
902417,142.20.56.202,132.197.158.98,0.99828064,75.0,1195054,True,True
902418,142.20.56.202,132.197.158.98,0.99828064,75.0,1196217,True,True
902419,142.20.56.202,132.197.158.98,0.99828064,75.0,1197263,True,True
902420,142.20.56.202,132.197.158.98,0.99828064,75.0,1198398,True,True
902421,142.20.56.202,132.197.158.98,0.99828064,75.0,1199612,True,True
902422,142.20.56.202,132.197.158.98,0.99828064,75.0,1200703,True,True
902423,142.20.56.202,132.197.158.98,0.99828064,75.0,1201980,True,True
902424,142.20.56.202,132.197.158.98,0.99828064,75.0,1203212,True,True
902425,142.20.56.202,132.197.158.98,0.99828064,75.0,1204380,True,True
902426,142.20.56.202,132.197.158.98,0.99828064,75.0,1205081,True,True
902427,142.20.56.202,132.197.158.98,0.99828064,75.0,1206140,True,True
902428,142.20.56.202,132.197.158.98,0.99828064,75.0,1207399,True,True
902429,142.20.56.202,132.197.158.98,0.99828064,75.0,1208816,True,True
902430,142.20.56.202,132.197.158.98,0.99828064,75.0,1209937,True,True
902431,142.20.56.202,132.197.158.98,0.99828064,75.0,1210889,True,True
902432,142.20.56.202,132.197.158.98,0.99828064,75.0,1212083,True,True
902433,142.20.56.202,132.197.158.98,0.99828064,75.0,1213023,True,True
902434,142.20.56.202,132.197.158.98,0.99828064,75.0,1214034,True,True
902435,142.20.56.202,132.197.158.98,0.99828064,75.0,1215327,True,True
902436,142.20.56.202,132.197.158.98,0.99828064,75.0,1216354,True,True
902437,142.20.56.202,132.197.158.98,0.99828064,75.0,1217702,True,True
902438,142.20.56.202,132.197.158.98,0.99828064,75.0,1219099,True,True
902439,142.20.56.202,132.197.158.98,0.99828064,75.0,1220289,True,True
902440,142.20.56.202,132.197.158.98,0.99828064,75.0,1221546,True,True
902441,142.20.56.202,132.197.158.98,0.99828064,75.0,1222627,True,True
902442,142.20.56.202,132.197.158.98,0.99828064,75.0,1224171,True,True
902443,142.20.56.202,132.197.158.98,0.99828064,75.0,1225123,True,True
902444,142.20.56.202,132.197.158.98,0.99828064,75.0,1226896,True,True
902445,142.20.56.202,132.197.158.98,0.99828064,75.0,1228160,True,True
902446,142.20.56.202,132.197.158.98,0.99828064,75.0,1229277,True,True
902447,142.20.56.202,132.197.158.98,0.99828064,75.0,1230464,True,True
902448,142.20.56.202,132.197.158.98,0.99828064,75.0,1231704,True,True
902449,142.20.56.202,132.197.158.98,0.99828064,75.0,1232995,True,True
902450,142.20.56.202,132.197.158.98,0.99828064,75.0,1234378,True,True
902451,142.20.56.202,132.197.158.98,0.99828064,75.0,1235947,True,True
902452,142.20.56.202,132.197.158.98,0.99828064,75.0,1237439,True,True
902453,142.20.56.202,132.197.158.98,0.99828064,75.0,1238779,True,True
902454,142.20.56.202,132.197.158.98,0.99828064,75.0,1239829,True,True
902455,142.20.56.202,132.197.158.98,0.99828064,75.0,1241486,True,True
902456,142.20.56.202,132.197.158.98,0.99828064,75.0,1242741,True,True
902457,142.20.56.202,132.197.158.98,0.99828064,75.0,1243805,True,True
902458,142.20.56.202,132.197.158.98,0.99828064,75.0,1244590,True,True
902459,142.20.56.202,132.197.158.98,0.99828064,75.0,1246486,True,True
902460,142.20.56.202,132.197.158.98,0.99828064,75.0,1248007,True,True
902461,142.20.56.202,132.197.158.98,0.99828064,75.0,1249573,True,True
902462,142.20.56.202,132.197.158.98,0.99828064,75.0,1250570,True,True
902463,142.20.56.202,132.197.158.98,0.99828064,75.0,1251820,True,True
902464,142.20.56.202,132.197.158.98,0.99828064,75.0,1253188,True,True
902465,142.20.56.202,132.197.158.98,0.99828064,75.0,1254323,True,True
902466,142.20.56.202,132.197.158.98,0.99828064,75.0,1255636,True,True
902467,142.20.56.202,132.197.158.98,0.99828064,75.0,1256988,True,True
902468,142.20.56.202,132.197.158.98,0.99828064,75.0,1258045,True,True
902469,142.20.56.202,132.197.158.98,0.99828064,75.0,1259561,True,True
902470,142.20.56.202,132.197.158.98,0.99828064,75.0,1260721,True,True
902471,142.20.56.202,132.197.158.98,0.99828064,75.0,1262182,True,True
902472,142.20.56.202,132.197.158.98,0.99828064,75.0,1263255,True,True
902473,142.20.56.202,132.197.158.98,0.99828064,75.0,1264029,True,True
902474,142.20.56.202,132.197.158.98,0.99828064,75.0,1265366,True,True
902475,142.20.56.202,132.197.158.98,0.99828064,75.0,1266352,True,True
902476,142.20.56.202,132.197.158.98,0.99828064,75.0,1267902,True,True
941318,142.20.58.140,142.20.61.195,0.9982813,75.0,1164643,False,True
941387,142.20.57.46,142.20.61.193,0.99828196,75.0,1197416,False,True
